var_number,chrom,pos,id,ref,qual,filter,flag_EVA_4,flag_dbSNP_150,flag_E_Cited,flag_E_Multiple_observations,flag_E_Freq,flag_E_TOPMed,flag_E_Hapmap,flag_E_Phenotype_or_Disease,flag_E_ESP,flag_E_gnomAD,flag_E_1000G,flag_E_ExAC,int_TSA
0,1,119,rs501657548,TG,,.,1,0,0,0,0,0,0,0,0,0,0,0,2
1,1,531,rs512805172,C,,.,1,0,0,0,0,0,0,0,0,0,0,0,0
2,1,553,rs507917037,A,,.,1,0,0,0,0,0,0,0,0,0,0,0,0
3,1,737,rs502734264,G,,.,1,0,0,0,0,0,0,0,0,0,0,0,0
4,1,765,rs511940867,T,,.,1,0,0,0,0,0,0,0,0,0,0,0,1
5,1,813,rs507029748,T,,.,1,0,0,0,0,0,0,0,0,0,0,0,0
6,1,829,rs499833520,C,,.,1,0,0,0,0,0,0,0,0,0,0,0,0
7,1,872,rs512211934,G,,.,1,0,0,0,0,0,0,0,0,0,0,0,0
8,1,878,rs507031350,C,,.,1,0,0,0,0,0,0,0,0,0,0,0,0
9,1,901,rs500132023,G,,.,1,0,0,0,0,0,0,0,0,0,0,0,0
10,1,907,rs511277610,T,,.,1,0,0,0,0,0,0,0,0,0,0,0,0
11,1,908,rs504182977,A,,.,1,0,0,0,0,0,0,0,0,0,0,0,0
12,1,1193,rs501282537,T,,.,1,0,0,0,0,0,0,0,0,0,0,0,0
13,1,1198,rs510429843,C,,.,1,0,0,0,0,0,0,0,0,0,0,0,0
14,1,1282,rs505541220,G,,.,1,0,0,0,0,0,0,0,0,0,0,0,0
15,1,1396,rs514596344,A,,.,1,0,0,0,0,0,0,0,0,0,0,0,1
16,1,1546,rs180048214,G,,.,1,0,0,1,0,0,0,0,0,0,0,0,0
17,1,1598,rs503533338,A,,.,1,0,0,0,0,0,0,0,0,0,0,0,0
18,1,1695,rs514924585,A,,.,1,0,0,0,0,0,0,0,0,0,0,0,0
19,1,1696,rs507784572,T,,.,1,0,0,0,0,0,0,0,0,0,0,0,1
20,1,1708,rs502656134,T,,.,1,0,0,0,0,0,0,0,0,0,0,0,0
21,1,1726,rs512010555,C,,.,1,0,0,0,0,0,0,0,0,0,0,0,0
22,1,1801,rs508834172,T,,.,1,0,0,0,0,0,0,0,0,0,0,0,0
23,1,1827,rs501881472,G,,.,1,0,0,0,0,0,0,0,0,0,0,0,1
24,1,1831,rs513052762,A,,.,1,0,0,0,0,0,0,0,0,0,0,0,0
25,1,1833,rs507114390,A,,.,1,0,0,0,0,0,0,0,0,0,0,0,0